fecha,usd_clp,cobre
2015-01-31,620.01,2.6532
2015-02-28,622.72,2.6236
2015-03-31,627.94,2.7079
2015-04-30,613.86,2.7528
2015-05-31,607.1,2.8934
2015-06-30,630.17,2.6753
2015-07-31,649.47,2.4822
2015-08-31,687.65,2.3332
2015-09-30,690.7,2.3706
2015-10-31,684.04,2.3679
2015-11-30,703.9,2.1554
2015-12-31,703.87,2.0822
2016-01-31,721.04,2.0094
2016-02-29,703.39,2.0751
2016-03-31,673.89,2.2316
2016-04-30,666.57,2.1829
2016-05-31,678.72,2.1114
2016-06-30,676.71,2.0977
2016-07-31,647.07,2.2073
2016-08-31,656.08,2.141
2016-09-30,665.91,2.1375
2016-10-31,662.2,2.1376
2016-11-30,659.18,2.4644
2016-12-31,629.78,2.5668
2017-01-31,652.2,2.6186
2017-02-28,642.45,2.6943
2017-03-31,660.4,2.6412
2017-04-30,653.41,2.5863
2017-05-31,668.87,2.549
2017-06-30,662.43,2.6019
2017-07-31,656.91,2.7288
2017-08-31,642.89,2.9588
2017-09-30,623.7,2.9841
2017-10-31,628.34,3.0956
2017-11-30,630.59,3.0942
2017-12-31,633.41,3.0982
2018-01-31,604.67,3.1947
2018-02-28,595.9,3.1674
2018-03-31,603.3,3.0668
2018-04-30,599.57,3.0876
2018-05-31,625.43,3.064
2018-06-30,635.78,3.1171
2018-07-31,651.88,2.7913
2018-08-31,657.33,2.6939
2018-09-30,680.44,2.6923
2018-10-31,677.49,2.7593
2018-11-30,677.8,2.751
2018-12-31,683.34,2.721
2019-01-31,676.45,2.6824
2019-02-28,655.3,2.8557
2019-03-31,667.16,2.8997
2019-04-30,666.9,2.9201
2019-05-31,691.23,2.7428
2019-06-30,692.24,2.6784
2019-07-31,685.88,2.6866
2019-08-31,712.74,2.5724
2019-09-30,718.13,2.5974
2019-10-31,722.0,2.6117
2019-11-30,779.11,2.6546
2019-12-31,769.6,2.7703
2020-01-31,771.05,2.7497
2020-02-29,796.25,2.5838
2020-03-31,840.01,2.3671
2020-04-30,853.23,2.3063
2020-05-31,821.6,2.3871
2020-06-30,795.07,2.598
2020-07-31,784.34,2.866
2020-08-31,785.1,2.9175
2020-09-30,772.83,3.023
2020-10-31,787.88,3.057
2020-11-30,762.18,3.2034
2020-12-31,732.49,3.5347
2021-01-31,720.76,3.6232
2021-02-28,722.09,3.8613
2021-03-31,725.53,4.0883
2021-04-30,708.03,4.2478
2021-05-31,711.99,4.6353
2021-06-30,727.77,4.3983
2021-07-31,751.09,4.3548
2021-08-31,779.94,4.2923
2021-09-30,784.34,4.2654
2021-10-31,813.43,4.4511
2021-11-30,813.24,4.3657
2021-12-31,846.5,4.333
2022-01-31,820.07,4.4311
2022-02-28,805.83,4.5021
2022-03-31,797.47,4.6823
2022-04-30,815.09,4.6376
2022-05-31,848.55,4.2493
2022-06-30,861.99,4.1254
2022-07-31,966.39,3.3961
2022-08-31,902.45,3.615
2022-09-30,922.65,3.4802
2022-10-31,953.64,3.4739
2022-11-30,917.9,3.6768
2022-12-31,872.47,3.8165
2023-01-31,823.97,4.1223
2023-02-28,795.53,4.0882
2023-03-31,806.36,4.0492
2023-04-30,804.85,4.0004
2023-05-31,798.08,3.7417
2023-06-30,797.58,3.796
2023-07-31,813.34,3.8357
2023-08-31,856.35,3.7633
2023-09-30,884.51,3.7229
2023-10-31,925.57,3.5996
2023-11-30,882.71,3.7211
2023-12-31,872.96,3.8515
2024-01-31,903.86,3.8121
2024-02-29,960.4,3.7966
2024-03-31,963.69,3.9764
2024-04-30,957.12,4.3609
2024-05-31,917.12,4.7751
2024-06-30,923.88,4.5231
2024-07-31,934.73,4.3525
2024-08-31,928.6,4.0956
2024-09-30,927.35,4.2328
2024-10-31,933.83,4.3846
2024-11-30,967.39,4.1745
2024-12-31,978.58,4.1084
2025-01-31,999.21,4.2483
2025-02-28,954.17,4.5513
2025-03-31,928.92,4.9128
2025-04-30,959.9,4.6428
2025-05-31,941.72,4.6411
2025-06-30,934.45,4.8778
2025-07-31,949.2,5.4287
2025-08-31,964.62,4.4408
2025-09-30,959.19,4.6076
2025-10-31,951.48,5.0198
2025-11-30,933.17,5.0196
2025-12-31,915.37,5.3988
2026-01-31,882.92,5.881
2026-02-28,861.32,5.859
2026-03-31,908.94,5.6517
2026-04-30,898.88,5.9036
2026-05-31,897.98,6.2642
2026-06-30,904.55,6.3224
2026-07-31,930.39,6.2802
2026-08-31,917.8,6.588
